{
    "max_lat": -31.560293,
    "max_lon": -64.310025,
    "min_lat": -31.307115,
    "min_lon": -64.057242
}